FGHz,S11dB,S11deg,S21dB,S21deg
1.0,-4.438143326260432e-5,151.81657377796952,-49.9058520705455,61.81657377796954
1.05,-4.9359313301797564e-5,150.387741965729,-49.4441767020639,60.38774196572882
1.1,-5.466974607989274e-5,148.95604244121853,-49.00039988014992,58.956042441218884
1.15,-6.0326776309611434e-5,147.521341079408,-48.57277209155315,57.52134107940775
1.2,-6.634540121077529e-5,146.08350415531402,-48.159768038178484,56.08350415531385
1.25,-7.274161595323435e-5,144.64239837586697,-47.76005003702571,54.642398375867046
1.3,-7.953246218675624e-5,143.1978909135955,-47.37243860250061,53.19789091359542
1.35,-8.673607985376029e-5,141.74984944217,-46.995888583274436,51.74984944216967
1.4,-9.437176242486561e-5,140.29814217388102,-46.62946964155559,50.29814217388102
1.45,-0.00010246001577341979,138.842637899106,-46.272350158936916,48.842637899105604
1.5,-0.00011102262084058303,137.3832060278425,-45.92378387186969,47.383206027842405
1.55,-0.00012008270035249798,135.91971663334098,-45.58309869902887,45.91971663334132
1.6,-0.00012966478976141405,134.45204049790848,-45.2496873430956,44.452040497908754
1.65,-0.00013979491268198822,132.98004916093248,-44.922999338697295,42.980049160932836
1.7,-0.00015050066106797526,131.50361496915403,-44.60253428758101,41.50361496915425
1.75,-0.00016181128039191052,130.02261112925203,-44.28783607424272,40.02261112925176
1.8,-0.00017375776010874645,128.536911762768,-43.978487896565625,38.53691176276803
1.85,-0.0001863729299110655,127.04639196320502,-43.67410797237619,37.04639196320482
1.9,-0.0001996915612526497,125.5509278561995,-43.37434583391005,35.550927856199394
1.95,-0.00021375047633476706,124.0503966608625,-43.078879075711086,34.050396660862766
2.0,-0.00022858866258650414,122.544676754734,-42.787410539856026,32.54467675473401
2.05,-0.00024424739485194667,121.03364774047101,-42.49966583391624,31.03364774047117
2.1,-0.00026077036487694844,119.5171905151045,-42.215391150769285,29.517190515104435
2.15,-0.00027820381876355417,117.99518734164151,-41.93435134379118,27.995187341641486
2.2,-0.00029659670285578973,116.46752192299802,-41.65632822206308,26.46752192299796
2.25,-0.00031600081857366966,114.93407947821652,-41.38111903622536,24.93407947821658
2.3,-0.00033647098677506656,113.39474682090751,-41.108535129170384,23.394746820907645
2.35,-0.0003580652222242468,111.84941243984301,-40.83840073067512,21.84941243984296
2.4,-0.00038084491882219896,110.29796658161551,-40.57055187732671,20.297966581615306
2.45,-0.0004048750462964723,108.74030133526101,-40.304835442169555,18.74030133526102
2.5,-0.00043022435907734614,107.17631071872701,-40.04110826067692,17.17631071872684
2.55,-0.00045696561866693944,105.6058907673565,-39.779236336770424,15.605890767356268
2.6,-0.00048517582676156135,104.02893962194501,-39.519094152758726,14.02893962194528
2.65,-0.0005149364811630884,102.44535762329951,-39.26056396948623,12.445357623299616
2.7,-0.0005463338364779457,100.855047400935,-39.00353528892306,10.855047400935115
2.75,-0.0005794591901642148,99.2579139681737,-38.74790428816845,9.2579139681738
2.8,-0.0006144091830779437,97.65386481570727,-38.49357333276429,7.653864815707087
2.85,-0.0006512861199411278,96.04281000601709,-38.24045052509905,6.042810006016862
2.9,-0.0006901983104346142,94.42466226795645,-37.98844928929619,4.424662267956471
2.95,-0.0007312604324336257,92.79933709118316,-37.73748798868114,2.7993370911833115
3.0,-0.0007745939189726523,91.16675282010065,-37.48748957229883,1.166752820100809
3.05,-0.0008203273706978031,89.52683074693675,-37.2383812474363,-0.473169253063405
3.1,-0.0008685969956927447,87.87949520356071,-36.99009417537211,-2.120504796439415
3.15,-0.0009195470787532471,86.22467365160885,-36.742563187940746,-3.7753263483911277
3.2,-0.000973330482361817,84.5622967704594,-36.495726522724716,-5.4377032295406815
3.25,-0.0010301091818213522,82.89229854256486,-36.249525574928676,-7.107701457435286
3.3,-0.0010900548372394213,81.2146163356179,-36.00390466419314,-8.785383664382122
3.35,-0.0011533494052789256,79.52919098099565,-35.758810814774236,-10.470809019004308
3.4,-0.0012201857939300182,77.8359668478911,-35.514193547697836,-12.16403315210882
3.45,-0.0012907685637836737,76.13489191250791,-35.27000468359317,-13.865108087492066
3.5,-0.0013653146797127163,74.42591782166204,-35.02619815508494,-15.574082178337907
3.55,-0.0014440543171683716,72.70899995009509,-34.782729827692165,-17.291000049904966
3.6,-0.001527231727791035,70.98409745077255,-34.53955732829327,-19.015902549227405
3.65,-0.0016151061694536267,69.2511732974041,-34.29663988032254,-20.74882670259588
3.7,-0.001707952906382061,67.51019431838546,-34.05393814490004,-22.489805681614527
3.75,-0.0018060642856041118,65.7611312213311,-33.81141406722199,-24.238868778668976
3.8,-0.0019097508965900865,64.00395860732445,-33.56903072753631,-25.996041392675643
3.85,-0.0020193428216782393,62.238654973982655,-33.3267521961538,-27.76134502601735
3.9,-0.0021351909856660257,60.465202706397,-33.08454339193797,-29.53479729360306
3.95,-0.0022576686138810814,58.683588054969746,-32.842369943798964,-31.31641194503028
4.0,-0.0023871728089632613,56.89380109913935,-32.600198054742975,-33.1061989008607
4.05,-0.0025241262577739417,55.09583569594601,-32.35799436806998,-34.90416430405413
4.1,-0.0026689790810601947,53.2896894123564,-32.1157258353516,-36.71031058764355
4.15,-0.0028222108398755605,51.475363440228946,-31.87335958583389,-38.52463655977108
4.2,-0.0029843327143426485,49.65286249276515,-31.63086279696712,-40.34713750723487
4.25,-0.0031558898720751376,47.822194681257095,-31.38820256576116,-42.17780531874295
4.3,-0.0033374640455259698,45.9833713708982,-31.14534578069485,-44.01662862910181
4.35,-0.0035296763397316697,44.13640701439146,-30.902258993951698,-45.8635929856086
4.4,-0.003733190294389049,42.281318962041254,-30.658908293725627,-47.718681037958845
4.45,-0.003948715226978031,40.418127246970855,-30.41525917639557,-49.58187275302904
4.5,-0.004177009886761656,38.54685434406875,-30.171276418372482,-51.453145655931266
4.55,-0.004418886453049012,36.66752490119825,-29.926923947404127,-53.33247509880169
4.6,-0.004675214915022728,34.7801654411677,-29.682164713189824,-55.21983455883229
4.65,-0.00494692787504599,32.8848040328755,-29.436960557086813,-57.1151959671245
4.7,-0.005235025822292325,30.98146992998855,-29.19127208077109,-59.018530070011394
4.75,-0.005540582929488167,29.070193175425093,-28.945058513672702,-60.929806824574946
4.8,-0.005864753431952496,27.151004169819497,-28.698277579004774,-62.848995830180534
4.85,-0.0062087786556564595,25.223933202048748,-28.45088535822203,-64.77606679795123
4.9,-0.006573994769417721,23.289009939780307,-28.202836153754,-66.71099006021971
4.95,-0.006961841346044346,21.34626287785895,-27.954082349782855,-68.65373712214105
5.0,-0.007373870828209923,19.39571874219675,-27.704574270923487,-70.6042812578033
5.05,-0.007811759007413471,17.437401846648104,-27.454260038566023,-72.56259815335189
5.1,-0.008277316638807156,15.471333400152602,-27.203085424690016,-74.52866659984738
5.15,-0.008772502331150636,13.4975307611664,-26.950993702897435,-76.50246923883364
5.2,-0.009299436870160866,11.516006636147393,-26.697925496407784,-78.48399336385259
5.25,-0.009860419155244694,9.52676821853813,-26.443818622769776,-80.47323178146182
5.3,-0.010457943954880236,7.529816264303556,-26.188607934945843,-82.4701837356965
5.35,-0.011094721714836851,5.5251440996948,-25.93222515847092,-84.47485590030517
5.4,-0.011773700687009704,3.5127365563881146,-25.674598724319093,-86.48726344361191
5.45,-0.012498091685631662,1.4925688286315348,-25.41565359708116,-88.50743117136848
5.5,-0.013271395822659994,-0.5353947536504852,-25.155311098040222,-90.53539475365046
5.55,-0.014097435626891214,-2.57120204252031,-24.89348872264507,-92.57120204252034
5.6,-0.01498039001228088,-4.614914488081235,-24.630099951934007,-94.61491448808124
5.65,-0.015924833632842948,-6.666608661457055,-24.365054057302096,-96.66660866145708
5.7,-0.016935781244960556,-8.726377894359752,-24.09825589804241,-98.72637789435977
5.75,-0.01801873779604774,-10.79433404615812,-23.829605711057877,-100.79433404615813
5.8,-0.019179755074277494,-12.870609410827903,-23.558998891988168,-102.87060941082792
5.85,-0.02042549588931398,-14.95535877776625,-23.286325767129327,-104.95535877776626
5.9,-0.021763306915377506,-17.048761662445152,-23.011471355242815,-107.04876166244519
5.95,-0.023201301516654078,-19.151024724977802,-22.73431511860145,-109.15102472497783
6.0,-0.024748454101335637,-21.26238439722365,-22.454730702310435,-111.26238439722368
6.05,-0.026414707817571208,-23.383109741940704,-22.172585661110418,-113.3831097419407
6.1,-0.028211097724082576,-25.51350557081155,-21.887741172763775,-115.51350557081153
6.15,-0.030149891949390994,-27.653915851972748,-21.60005173716253,-117.65391585197276
6.2,-0.032244753809045575,-29.804727442239148,-21.30936486052014,-119.80472744223917
6.25,-0.03451092840973781,-31.966374183454704,-21.015520722619723,-121.96637418345469
6.3,-0.03696545789498426,-34.13934141100876,-20.718351829964664,-124.13934141100876
6.35,-0.03962743035288516,-36.32417092420764,-20.417682648736264,-126.32417092420765
6.4,-0.04251826829316678,-38.52146648227985,-20.11332922258463,-128.52146648227983
6.45,-0.04566206383782429,-40.731899894202755,-19.80509877223805,-130.7318998942028
6.5,-0.04908596917207747,-42.9562177834515,-19.49278927836016,-132.95621778345148
6.55,-0.05282065256102764,-45.19524912053361,-19.176189048574148,-135.19524912053362
6.6,-0.056900832382543114,-47.4499136306563,-18.85507627051446,-137.44991363065628
6.65,-0.061365904266797715,-49.72123120061375,-18.529218553818577,-139.72123120061377
6.7,-0.06626067969069012,-52.01033242856065,-18.198372465359494,-142.01033242856064
6.75,-0.07163625840853845,-54.3184704830488,-17.862283063855468,-144.31847048304883
6.8,-0.07755106211025231,-56.647034464243205,-17.52068344241811,-146.6470344642432
6.85,-0.08407206294343787,-58.997564491066946,-17.173294290696496,-148.99756449106692
6.9,-0.09127624834485831,-61.371768773802906,-16.81982349243698,-151.37176877380293
6.95,-0.0992523734284049,-63.77154297321291,-16.459965779571554,-153.77154297321292
7.0,-0.10810306451760515,-66.1989921950518,-16.09340247096503,-156.19899219505177
7.05,-0.11794735300499179,-68.65645602377604,-15.71980133300671,-158.65645602377603
7.1,-0.12892373848864183,-71.14653706169469,-15.338816611109145,-161.1465370616947
7.15,-0.14119390527964432,-73.67213351003825,-14.950089296595667,-163.67213351003826
7.2,-0.15494724845171715,-76.2364764060704,-14.553247713615583,-166.2364764060704
7.25,-0.17040640665017903,-78.8431722140623,-14.147908536974551,-168.84317221406232
7.3,-0.18783405153707425,-81.49625155468121,-13.73367838602051,-171.4962515546812
7.35,-0.20754125146578986,-84.20022494142295,-13.31015618432727,-174.20022494142293
7.4,-0.2298978142122959,-86.96014646415941,-12.876936533001885,-176.96014646415938
7.45,-0.25534512610002824,-89.78168640208585,-12.433614420834132,-179.78168640208585
7.5,-0.2844121500067144,-92.6712137344552,-11.979791692108732,177.3287862655448
7.55,-0.3177354318493384,-95.63588940501874,-11.515085818521069,174.36411059498127
7.6,-0.3560842057645533,-98.68377091906706,-11.039141682090264,171.31622908093297
7.65,-0.4003919962773861,-101.82392830958766,-10.551647278482552,168.17607169041236
7.7,-0.4517965073485907,-105.06657054978956,-10.052354501367597,164.93342945021047
7.75,-0.5116900804375089,-108.42317988930387,-9.541106471917763,161.57682011069616
7.8,-0.5817836122116915,-111.90664902786102,-9.017873229234871,158.093350972139
7.85,-0.6641875561421394,-115.53141206131359,-8.482797977067825,154.4685879386864
7.9,-0.7615144835642613,-119.31355413397954,-7.936256439223132,150.68644586602048
7.95,-0.8770086100378792,-123.27087595468292,-7.378932104378184,146.7291240453171
8.0,-1.0147086088553257,-127.42287694890952,-6.811910045637286,142.5771230510905
8.05,-1.17965076196648,-131.790604164463,-6.236791242498611,138.209395835537
8.1,-1.3781197690909528,-136.39629317122203,-5.655827377295778,133.603706828778
8.15,-1.6179540175788654,-141.26270394089,-5.07207214959919,128.73729605911004
8.2,-1.9089106041699413,-146.4120345145425,-4.4895382851646835,123.58796548545752
8.25,-2.2630933554283863,-151.8642897651035,-3.9133387237558726,118.1357102348965
8.3,-2.695446880407441,-157.6350118749775,-3.349775844697821,112.3649881250225
8.35,-3.2243280268962824,-163.7323715262355,-2.806326024772805,106.26762847376452
8.4,-3.872198366827851,-170.153802112501,-2.2914542177460193,99.84619788749902
8.45,-4.666568523436332,-176.88263816648998,-1.8141955781245664,93.11736183351002
8.5,-5.64152655623381,176.11446182898402,-1.3834724709799406,86.11446182898402
8.55,-6.840617469058694,168.8883143501705,-1.0071843587332894,78.88831435017052
8.6,-8.322795350131237,161.50533800591452,-0.6912047926881939,71.50533800591452
8.65,-10.175503252832517,154.0426772708305,-0.43850523390373547,64.0426772708305
8.7,-12.545789746442432,146.58091954191352,-0.24864414144778063,56.580919541913495
8.75,-15.725972098742204,139.19589791282502,-0.11777759249489116,49.195897912825004
8.8,-20.46575209723935,131.9514380195105,-0.03918926255839757,41.95143801951049
8.85,-30.1676736368185,124.89452021047651,-0.004180478120148444,34.89452021047649
8.9,-31.491191040442157,-61.94657604260807,-0.0030819053263466995,28.05342395739199
8.95,-22.212888990720174,-68.561500874016,-0.02616997174516331,21.43849912598402
9.0,-18.323958851723013,-74.95533921869797,-0.064357972063473,15.044660781302033
9.05,-16.033307346456535,-81.145383658066,-0.10962849980743074,8.854616341934006
9.1,-14.545130345609735,-87.1579451192205,-0.15524237336785757,2.842054880779498
9.15,-13.55746284210323,-93.02564967475952,-0.19579011231133925,-3.025649674759512
9.2,-12.927712811504549,-98.78538871408047,-0.22715444993159828,-8.785388714080476
9.25,-12.58336247760299,-104.47690187644001,-0.24644034880878515,-14.47690187644
9.3,-12.490680773362739,-110.14187005554803,-0.2519132516837028,-20.141870055548004
9.35,-12.643194046454418,-115.82334940631098,-0.24297236849655357,-25.823349406311003
9.4,-13.059783739432035,-121.56535625494352,-0.22017509047088132,-31.56535625494351
9.45,-13.790948712819,-127.41239539240752,-0.18532008695997376,-37.41239539240752
9.5,-14.938183883806737,-133.408699360566,-0.14158788151337104,-43.408699360565976
9.55,-16.706042106796556,-139.596914976668,-0.09372553966072489,-49.596914976668
9.6,-19.567591183599887,-146.01595243520597,-0.04824308973857715,-56.015952435206
9.65,-25.06169907178027,-152.69774163504195,-0.01356101756731442,-62.69774163504197
9.7,-55.49228484127014,20.33721318882242,-1.2261862457228549e-5,-69.66278681117802
9.75,-23.47182676933706,13.085244981770975,-0.019569500557938643,-76.91475501822902
9.8,-17.11777110851546,5.56508343405751,-0.08516447343414689,-84.4349165659425
9.85,-13.269774683658024,-2.177966665450968,-0.2095275334834124,-92.17796666545098
9.9,-10.51827728265559,-10.071232855187008,-0.40362839485889834,-100.07123285518703
9.95,-8.417846287072653,-18.018960554471516,-0.6750149092543796,-108.01896055447152
10.0,-6.767341066263297,-25.91193311977151,-1.0265154333449482,-115.91193311977152
10.05,-5.454541244933051,-33.64054786964999,-1.455748399087749,-123.64054786965
10.1,-4.406176040047408,-41.107849784588026,-1.9556211397987189,-131.10784978458804
10.15,-3.568645346400004,-48.2390410861175,-2.5156289811825667,-138.2390410861175
10.2,-2.8999684708901174,-54.98562568623949,-3.123507614884442,-144.9856256862395
10.25,-2.3662510098137677,-61.32447928586499,-3.7667739923431816,-151.324479285865
10.3,-1.939952473284223,-67.25355335725848,-4.433861691265202,-157.25355335725848
10.35,-1.5988148240597275,-72.78621601053752,-5.114771965197615,-162.78621601053754
10.4,-1.3250146755393413,-77.9457501716745,-5.801312590025085,-167.94575017167452
10.45,-1.1044078880406536,-82.760820754295,-6.487056267977706,-172.760820754295
10.5,-0.9258489867068571,-87.26214774667,-7.167145131506821,-177.26214774667
10.55,-0.7805957672701738,-91.48028768962848,-7.838034676141873,178.51971231037152
10.6,-0.6618065656882682,-95.44429107324845,-8.497234392531288,174.55570892675155
10.65,-0.5641284710800332,-99.18098757177499,-9.143074353477399,170.81901242822502
10.7,-0.48336774961652484,-102.7146889826345,-9.774508902225428,167.2853110173655
10.75,-0.41623038603334594,-106.06715190105349,-10.390958458377149,163.93284809894652
10.8,-0.36012007875008883,-109.257690122692,-10.99218563367362,160.74230987730803
10.85,-0.3129820445237903,-112.30336440087397,-11.578200126865518,157.69663559912604
10.9,-0.27318268737623946,-115.21920423502901,-12.149186754056876,154.780795764971
10.95,-0.23941701497607493,-118.01843472280156,-12.7054515778181,151.98156527719846
11.0,-0.21063736788743234,-120.712693443388,-13.247381940967957,149.287306556612
11.05,-0.18599845559727413,-123.31222982223397,-13.775417052233692,146.68777017776603
11.1,-0.16481485080082425,-125.82608394996745,-14.290026511433627,144.17391605003255
11.15,-0.14652800461119445,-128.2622444456405,-14.79169477231672,141.7377555543595
11.2,-0.1306805495313235,-130.62778637755451,-15.28091002578117,139.3722136224455
11.25,-0.11689619496835549,-132.9289909496605,-15.758156361707226,137.0710090503395
11.3,-0.10486392817252706,-135.171448925503,-16.223908354290767,134.82855107449703
11.35,-0.09432554192516757,-137.36014978104046,-16.678627432433842,132.63985021895954
11.4,-0.0850657430778763,-139.49955846689647,-17.122759559426374,130.50044153310355
11.45,-0.07690427174427557,-141.593681488211,-17.556733867895666,128.40631851178907
11.5,-0.0696895937432259,-143.64612381639498,-17.98096198687432,126.35387618360504
11.55,-0.06329382948611478,-145.66013795394352,-18.39583786556266,124.33986204605651
11.6,-0.057608658915797105,-147.63866629280903,-18.80173794889527,122.36133370719102
11.65,-0.05254200034559036,-149.5843777439245,-19.199021597653974,120.41562225607552
11.7,-0.04801530559617734,-151.499699471877,-19.588031673901405,118.500300528123
11.75,-0.04396134803331393,-153.3868444442925,-19.969095233603273,116.6131555557075
11.8,-0.04032240648392468,-155.2478353983765,-20.342524283582012,114.75216460162353
11.85,-0.037048768413553076,-157.08452573617802,-20.708616572186042,112.91547426382202
11.9,-0.03409749162038103,-158.89861778240154,-21.06765639110185,111.10138221759848
11.95,-0.03143137607676155,-160.69167877339893,-21.419915372732397,109.3083212266011
12.0,-0.029018107254662317,-162.46515489052453,-21.765653272115948,107.53484510947551
12.05,-0.02682953990411325,-164.22038360438802,-22.105118726063505,105.77961639561202
12.1,-0.024841097284861346,-165.958604557172,-22.438549984793347,104.04139544282796
12.15,-0.023031265633780416,-167.680969176916,-22.766175613321305,102.31903082308398
12.2,-0.02138116745840928,-169.3885491895795,-23.08821516128127,100.61145081042051
12.25,-0.019874200289731254,-171.08234417097046,-23.404879800912816,98.91765582902954
12.3,-0.01849572996835043,-172.76328826046947,-23.716372933639718,97.23671173953053
12.35,-0.017232829502601577,-174.432256141479,-24.022890766283325,95.56774385852101
12.4,-0.016074056124976505,-176.090068378974,-24.324622858200776,93.90993162102599
12.45,-0.015009260459552044,-177.73749619225748,-24.621752640973924,92.26250380774248
12.5,-0.014029422759934183,-179.37526573046347,-24.914457912368555,90.62473426953652
12.55,-0.013126512030711964,178.99593809053803,-25.20291130653682,88.99593809053805
12.6,-0.01229336454667194,177.375468139133,-25.48728074181053,87.37546813913305
12.65,-0.011523578853149221,175.76271196215453,-25.767729848993923,85.76271196215448
12.7,-0.010811424810697171,174.15708898404353,-26.044418380874475,84.15708898404351
12.75,-0.01015176463157655,172.5580479769055,-26.317502605608183,82.55804797690554
12.8,-0.009539984182643828,170.96506477198102,-26.58713568550858,80.96506477198103
12.85,-0.008971933096908954,169.377640186562,-26.853468043083414,79.37764018656196
12.9,-0.008443872459985029,167.795298143544,-27.116647716109462,77.79529814354396
12.95,-0.007952429024731858,166.21758396352155,-27.37682070350296,76.21758396352158
13.0,-0.007494555063953507,164.6440628117175,-27.634131303699775,74.64406281171748
13.05,-0.007067493102344485,163.07431828408596,-27.88872244729867,73.07431828408596
13.1,-0.006668744879591723,161.50795111874652,-28.14073602569579,71.50795111874646
13.15,-0.006296043989797386,159.94457802046102,-28.390313217372825,69.94457802046107
13.2,-0.005947331721076846,158.38383058725302,-28.63759481370327,68.38383058725303
13.25,-0.00562073568637839,156.825354329493,-28.882721545854743,66.82535432949301
13.3,-0.005314550892923114,155.2688077728095,-29.12583441470374,65.26880777280954
13.35,-0.005027222946255883,153.7138616371485,-29.367075025425585,63.71386163714854
13.4,-0.004757333126030555,152.1601980851435,-29.606585928553642,62.16019808514344
13.45,-0.004503585105800555,150.6075100336605,-29.84451096926872,60.60751003366051
13.5,-0.004264793119373108,149.0555005230945,-30.080995646601263,59.05550052309449
13.55,-0.004039871402058465,147.50388213952303,-30.316187484249873,57.50388213952303
13.6,-0.0038278247574794594,145.95237648540302,-30.55023641456032,55.95237648540299
13.65,-0.0036277401196602374,144.4007136949005,-30.783295177222527,54.400713694900524
13.7,-0.003438778996576034,142.848631990412,-31.015519734210248,52.84863199041212
13.75,-0.003260170695591022,141.29587727712655,-31.247069702410432,51.295877277126564
13.8,-0.0030912062432354812,139.7422027728045,-31.478108805745148,49.74220277280462
13.85,-0.0029312329223531905,138.187368670165,-31.7088053487849,48.18736867016508
13.9,-0.0027796493585551954,136.63114182943053,-31.93933271462388,46.63114182943055
13.95,-0.002635901095539613,135.07329549866847,-32.169869890888435,45.073295498668486
14.0,-0.0024994766055951995,133.513609059632,-32.4006020290465,43.513609059631975
14.05,-0.002369903687361958,131.95186779680853,-32.63172104410056,41.951867796808585
14.1,-0.002246746208108885,130.3878626874065,-32.86342626374596,40.387862687406475
14.15,-0.002129601152643629,128.82139021003204,-33.09592513815181,38.821390210032035
14.2,-0.002018095945454784,127.252252169978,-33.329434023256745,37.25225216997791
14.25,-0.0019118860169782628,125.68025553920347,-33.56417905196612,35.68025553920342
14.3,-0.001810652589073746,124.10521230943951,-33.8003971080282,34.1052123094395
14.35,-0.001714100658415852,122.52693935719104,-34.03833691778767,32.526939357191075
14.4,-0.0016219571599038357,120.94525831980201,-34.278260274517926,30.94525831980191
14.45,-0.0015339692949280798,119.35999548201858,-34.52044340969677,29.359995482018494
14.5,-0.001449903010616733,117.770981673016,-34.76517852794371,27.770981673015967
14.55,-0.0013695416193927551,116.17805217319554,-35.01277551892258,26.178052173195564
14.6,-0.001292684545964668,114.581046631117,-35.263563870732305,24.581046631116912
14.65,-0.0012191461923174126,112.9798089896945,-35.51789480589886,22.979808989694547
14.7,-0.0011487549096639012,111.37418742124052,-35.77614367250486,21.374187421240375
14.75,-0.001081352067357907,109.76403427040755,-36.03871262906415,19.76403427040749
14.8,-0.0010167912090214442,108.14920600396556,-36.30603367131924,18.14920600396561
14.85,-0.0009549372868016537,106.529563166139,-36.57857206010223,16.529563166139088
14.9,-0.0008956659652670997,104.90497033815356,-36.85683022213326,14.904970338153406
14.95,-0.0008388629872745275,103.2752961005465,-37.14135221110152,13.275296100546441
15.0,-0.0007844235948672768,101.64041299678053,-37.432728834484664,11.640412996780494
15.05,-0.0007322519989529984,100.00019749668954,-37.73160357462894,10.000197496689598
15.1,-0.0006822608921183521,98.35452995821502,-38.03867946102923,8.354529958215133
15.15,-0.0006343709994179686,96.70329458589458,-38.354727086872124,6.7032945858943425
15.2,-0.0005885106623213195,95.04637938443953,-38.68059400935532,5.046379384439456
15.25,-0.0005446154512103998,93.38367610566603,-39.017215833006674,3.383676105666005
15.3,-0.0005026278019347904,91.71508018683751,-39.36562935324518,1.7150801868373442
15.35,-0.0004624966719497244,90.04049067831302,-39.72698823954886,0.04049067831319221
15.4,-0.0004241772113338945,88.35981015810846,-40.102581873918425,-1.640189841891458
15.45,-0.0003876304438628014,86.67294463065444,-40.493858141802676,-3.3270553693454503
15.5,-0.00035282295285779064,84.97980340665355,-40.90245121971365,-5.020196593346725
15.55,-0.00031972656606847995,83.28029896045096,-41.3302157424702,-6.719701039549255
15.6,-0.0002883180332188689,81.57434676073755,-41.77926920384334,-8.425653239262516
15.65,-0.0002585786889846687,79.86186506971345,-42.252045109561855,-10.138134930286565
15.7,-0.00023049409324101423,78.1427747049485,-42.75136035537757,-11.85722529505161
15.75,-0.00020405363905734648,76.41699875712197,-43.28050169631112,-13.583001242877794
15.8,-0.00017925011750851138,74.68446225548855,-43.843338247305255,-15.31553774451166
15.85,-0.00015607922641751217,72.94509177129655,-44.44447011360131,-17.054908228703376
15.9,-0.00013453900796989442,71.19881494731047,-45.089428171692745,-18.8011850526899
15.95,-0.00011462919737019297,69.44555993905755,-45.78494791244209,-20.554440060942486
16.0,-9.63504615304402e-5,67.685254750095,-46.53935329493891,-22.31474524990531
16.05,-7.970350285479606e-5,65.91782643953002,-47.36310888031534,-24.08217356047045
16.1,-6.468799871058081e-5,64.14320017463,-48.26963830367316,-25.8567998253702
16.15,-5.130134184673955e-5,62.361298094522986,-49.276581516243574,-27.63870190547758
16.2,-3.953714104528676e-5,60.572037942002446,-50.40781026141925,-29.42796205799694
16.25,-2.9383434595308098e-5,58.77533140872852,-51.696832218752284,-31.224668591271637
16.3,-2.0820562321945786e-5,56.971082123382565,-53.192928975682634,-33.028917876617015
16.35,-1.3818635156422007e-5,55.159183191658045,-54.97319851662851,-34.84081680834286
16.4,-8.334536433699739e-6,53.33951416855503,-57.169032786261134,-36.66048583144341
16.45,-4.30838829439806e-6,51.51193730503599,-60.03469689511114,-38.48806269496243
16.5,-1.6594245120206387e-6,49.67629285783752,-64.17826893344998,-40.323707142165034
16.55,-2.812360705600128e-7,47.83239317678146,-71.88713303055894,-42.16760682321326
16.6,-3.641234657771504e-8,45.98001517846901,-80.76535633891172,135.98001517849437
16.65,-7.50715697936379e-7,44.11889066359502,-67.62308851614429,134.11889066359433
16.7,-2.207148547074164e-6,42.24869371377402,-62.939528583242165,132.2486937137738
16.75,-4.1406880578870665e-6,40.369024075142995,-60.207120044940154,130.36902407514313
16.8,-6.23523818367606e-6,38.47938493895906,-58.4293157508293,128.47938493895893
16.85,-8.12579302817988e-6,36.5791527623785,-57.27918961382039,126.57915276237972
16.9,-9.411520230762264e-6,34.66753556196804,-56.64125001779666,124.66753556196791
16.95,-9.690652236735853e-6,32.74351415370896,-56.51431787259473,122.74351415370771
17.0,-8.63815912328843e-6,30.805757554712542,-57.01363543300197,120.80575755471277
17.05,-6.16734107551307e-6,28.852498168877496,-58.476866525117984,118.85249816887793
17.1,-2.758124381989515e-6,26.881342432614975,-61.97170601728516,116.88134243261577
17.15,-1.2431229935382266e-7,24.88897417679403,-75.43270216291712,114.8889741767991
17.2,-2.5936018176182237e-6,22.87067220791453,-62.23881139116333,-67.12932779208472
17.25,-2.00551233792381e-5,20.81949028967202,-53.35559975951378,-69.18050971032801
17.3,-7.456012338587348e-5,18.72478716630953,-47.65281421256286,-71.27521283369076
17.35,-0.00021609653861292313,16.569413721578556,-43.03147305577725,-73.4305862784213
17.4,-0.0005637539861838025,14.323868807782956,-38.867228729944976,-75.67613119221716
17.45,-0.0014269060750179367,11.932779512525544,-34.83460267691783,-78.06722048747437
17.5,-0.0037286476491878743,9.278662311862558,-30.664193851283642,-80.72133768813742
17.55,-0.01092782217408941,6.061219498564534,-25.99796968617241,-83.93878050143549
17.6,-0.04281711814557738,1.2186900656684938,-20.083059750544653,-88.7813099343315
17.65,-0.4487137520976271,-13.396418747221487,-10.080574646025376,-103.39641874722149
17.7,-0.9516590310974484,29.145860917369482,-7.060173421348928,119.1458609173695
17.75,-0.13236071681976977,10.729332233962547,-15.22626428532506,100.72933223396255
17.8,-0.061901291122899674,5.514544469219948,-18.49175992093795,95.51454446921996
17.85,-0.04098152325523955,2.1634047316230136,-20.272436793542234,92.163404731623
17.9,-0.03192355715832073,-0.5797106869750386,-21.352682337396594,89.42028931302498
17.95,-0.027281980608543855,-3.052477739695937,-22.03271800334281,86.94752226030407
18.0,-0.024730449226047575,-5.3837187526784565,-22.45788241644023,84.61628124732151
18.05,-0.02333837292856842,-7.633310524415977,-22.708801321349434,82.36668947558405
18.1,-0.022671440906137076,-9.832950238535986,-22.834382671899867,80.16704976146404
18.15,-0.022505384769697236,-12.001076035111511,-22.866226522282474,77.99892396488849
18.2,-0.022716795137311053,-14.149232146707462,-22.82572594420771,75.85076785329255
18.25,-0.02323575018928201,-16.285104327314503,-22.727888821542287,73.71489567268549
18.3,-0.0240232134149833,-18.41409680471795,-22.583538188343326,71.58590319528204
18.35,-0.025059468508961964,-20.540209924985504,-22.40064826517009,69.45979007501448
18.4,-0.02633791587845697,-22.66655771227401,-22.18519135339482,67.33344228772599
18.45,-0.02786167679588695,-24.795689121533457,-21.941694004099553,65.20431087846654
18.5,-0.02964177729571114,-26.929797283394,-21.6736131717899,63.070202716606
18.55,-0.03169629256603607,-29.070862569496988,-21.383596951749272,60.92913743050303
18.6,-0.03405013204958615,-31.22075563470699,-21.073669050655322,58.77924436529301
18.65,-0.03673530345946448,-33.38131606878949,-20.74536149993316,56.61868393121052
18.7,-0.039791584424617686,-35.55441645560001,-20.399811391564402,54.445583544399994
18.75,-0.04326758845256344,-37.74201832391049,-20.037832044421783,52.25798167608951
18.8,-0.04722225516626274,-39.946224579647506,-19.659965610404385,50.05377542035249
18.85,-0.05172683349063962,-42.16933195703697,-19.266521924610387,47.83066804296304
18.9,-0.05686746748628652,-44.41388650734,-18.857606940523045,45.58611349266001
18.95,-0.0627485437009401,-46.68274499605999,-18.433143099787394,43.31725500394001
19.0,-0.06949702252426038,-48.979145224214946,-17.992883302236653,41.02085477578506
19.05,-0.07726806208586673,-51.306788702333506,-17.536419662994422,38.693211297666494
19.1,-0.08625236287595994,-53.66993980327049,-17.06318790594657,36.330060196729534
19.15,-0.09668583079111061,-56.07354655444205,-16.57246800827154,33.92645344555794
19.2,-0.1088624002782165,-58.523389692712485,-16.063381556488086,31.47661030728753
19.25,-0.123151215268235,-61.026268638938014,-15.534886196729813,28.973731361062004
19.3,-0.14001989244377838,-63.590235856561975,-14.985767565836156,26.40976414343803
19.35,-0.16006638204348722,-66.22489493536499,-14.414629206308412,23.775105064635014
19.4,-0.18406314559669665,-68.94178309699701,-13.819881252218524,21.058216903003007
19.45,-0.21301923244775017,-71.75486622072097,-13.199729229428055,18.245133779279023
19.5,-0.24826876446520935,-74.68118469073247,-12.552165326572515,15.318815309267526
19.55,-0.2915990186535946,-77.74170231696348,-11.87496628563435,12.258297683036535
19.6,-0.3454389129536526,-80.96242929949801,-11.165705200814799,9.037570700501991
19.65,-0.41314131974540363,-84.37591435458752,-10.42178999444483,5.624085645412488
19.7,-0.49941393260385114,-88.02322971644449,-9.640550895384553,1.976770283555522
19.75,-0.610990037525908,-91.95659978403046,-8.819415869121954,-1.9565997840304519
19.8,-0.7576946531853213,-96.24283032632148,-7.956241623422652,-6.242830326321481
19.85,-0.9541756436535949,-100.96762779703195,-7.049916216891672,-10.967627797031946
19.9,-1.2227758549896215,-106.24062726024052,-6.101427038801523,-16.240627260240498
19.95,-1.5984023110065202,-112.2001758894775,-5.115699009281794,-22.2001758894775
20.0,-2.1369692755949354,-119.0150465408515,-4.104620231128769,-29.01504654085149
